<?xml version='1.0' encoding='utf-8'?>
<!-- Reference: https://github.com/hibernate/hibernate-orm/blob/master/etc/hibernate.cfg.xml -->
<!DOCTYPE hibernate-configuration PUBLIC
        "-//Hibernate/Hibernate Configuration DTD//EN"
        "http://www.hibernate.org/dtd/hibernate-configuration-3.0.dtd">
<hibernate-configuration>
    <session-factory>
        <property name="connection.url">jdbc:mysql://localhost:3306/hibernatebasic?createDatabaseIfNotExist=true
        </property>
        <property name="connection.driver_class">com.mysql.cj.jdbc.Driver</property>
        <property name="connection.username">root</property>
        <property name="connection.password">root</property>

        <!-- DB schema will be updated if needed (create, create-drop, validate, update)-->
        <property name="hibernate.hbm2ddl.auto">update</property>

        <property name="dialect">org.hibernate.dialect.MySQL5Dialect</property>
        <property name="show_sql">true</property>
        <property name="connection.pool_size">100</property>

    </session-factory>
</hibernate-configuration>